<?xml version="1.0" encoding="UTF-8" standalone="yes"?>
<addon id="repository.sunnyrepo" name="Sunny Repo" version="2.0.5" provider-name="slrwin">
	<extension point="xbmc.addon.repository" name="sunnyrepo">
		<dir>
			<info compressed="false">
				https://raw.githubusercontent.com/slrwin/sunnyrepo/master/repo/zips/addons.xml
			</info>
			<checksum>
				https://raw.githubusercontent.com/slrwin/sunnyrepo/master/repo/zips/addons.xml.md5
			</checksum>
			<datadir zip="true">
				https://raw.githubusercontent.com/slrwin/sunnyrepo/master/repo/zips/
			</datadir>
		</dir>
		<dir minversion="18.9.701" maxversion="19.5">
			<info compressed="false">
				https://raw.githubusercontent.com/umbrellaplug/umbrellaplug.github.io/master/matrix/zips/addons.xml
			</info>
			<checksum>
				https://raw.githubusercontent.com/umbrellaplug/umbrellaplug.github.io/master/matrix/zips/addons.xml.md5
			</checksum>
			<datadir zip="true">
				https://raw.githubusercontent.com/umbrellaplug/umbrellaplug.github.io/master/matrix/zips/
			</datadir>
		</dir>
		<dir minversion="19.8.0">
			<info compressed="false">
				https://raw.githubusercontent.com/umbrellaplug/umbrellaplug.github.io/master/nexus/zips/addons.xml
			</info>
			<checksum>
				https://raw.githubusercontent.com/umbrellaplug/umbrellaplug.github.io/master/nexus/zips/addons.xml.md5
			</checksum>
			<datadir zip="true">
				https://raw.githubusercontent.com/umbrellaplug/umbrellaplug.github.io/master/nexus/zips/
			</datadir>
		</dir>
		<dir minversion="18.0">
			<info compressed="false">
				https://raw.githubusercontent.com/nixgates/nixgates/master/repo/zips/addons.xml
			</info>
			<checksum>
				https://raw.githubusercontent.com/nixgates/nixgates/master/repo/zips/addons.xml.md5
			</checksum>
			<datadir zip="true">
				https://raw.githubusercontent.com/nixgates/nixgates/master/repo/zips/
			</datadir>
		</dir>
		<dir minversion="18.0" maxversion="18.9.0">
			<info compressed="false">
				https://raw.githubusercontent.com/nixgates/nixgates/master/leia/zips/addons.xml
			</info>
			<checksum>
				https://raw.githubusercontent.com/nixgates/nixgates/master/leia/zips/addons.xml.md5
			</checksum>
			<datadir zip="true">
				https://raw.githubusercontent.com/nixgates/nixgates/master/leia/zips/
			</datadir>
		</dir>
		<dir minversion="18.9.0">
			<info compressed="false">
				https://raw.githubusercontent.com/nixgates/nixgates/master/matrix/zips/addons.xml
			</info>
			<checksum>
				https://raw.githubusercontent.com/nixgates/nixgates/master/matrix/zips/addons.xml.md5
			</checksum>
			<datadir zip="true">
				https://raw.githubusercontent.com/nixgates/nixgates/master/matrix/zips/
			</datadir>
		</dir>
		<dir>
			<info compressed="false">
				https://raw.githubusercontent.com/jurialmunkey/repository.jurialmunkey/master/repo/zips/addons.xml
			</info>
			<checksum>
				https://raw.githubusercontent.com/jurialmunkey/repository.jurialmunkey/master/repo/zips/addons.xml.md5
			</checksum>
			<datadir zip="true">
				https://raw.githubusercontent.com/jurialmunkey/repository.jurialmunkey/master/repo/zips/
			</datadir>
		</dir>
		<dir minversion="18.0" maxversion="18.9.0">
			<info compressed="false">
				https://raw.githubusercontent.com/jurialmunkey/repository.jurialmunkey/master/leia/zips/addons.xml
			</info>
			<checksum>
				https://raw.githubusercontent.com/jurialmunkey/repository.jurialmunkey/master/leia/zips/addons.xml.md5
			</checksum>
			<datadir zip="true">
				https://raw.githubusercontent.com/jurialmunkey/repository.jurialmunkey/master/leia/zips/
			</datadir>
		</dir>
		<dir minversion="18.9.0" maxversion="19.9.0">
			<info compressed="false">
				https://raw.githubusercontent.com/jurialmunkey/repository.jurialmunkey/master/matrix/zips/addons.xml
			</info>
			<checksum>
				https://raw.githubusercontent.com/jurialmunkey/repository.jurialmunkey/master/matrix/zips/addons.xml.md5
			</checksum>
			<datadir zip="true">
				https://raw.githubusercontent.com/jurialmunkey/repository.jurialmunkey/master/matrix/zips/
			</datadir>
		</dir>
		<dir minversion="19.9.1" maxversion="20.9.0">
			<info compressed="false">
				https://raw.githubusercontent.com/jurialmunkey/repository.jurialmunkey/master/nexusrepo/zips/addons.xml
			</info>
			<checksum>
				https://raw.githubusercontent.com/jurialmunkey/repository.jurialmunkey/master/nexusrepo/zips/addons.xml.md5
			</checksum>
			<datadir zip="true">
				https://raw.githubusercontent.com/jurialmunkey/repository.jurialmunkey/master/nexusrepo/zips/
			</datadir>
		</dir>
		<dir minversion="20.9.1">
			<info compressed="false">
				https://raw.githubusercontent.com/jurialmunkey/repository.jurialmunkey/master/omega/zips/addons.xml
			</info>
			<checksum>
				https://raw.githubusercontent.com/jurialmunkey/repository.jurialmunkey/master/omega/zips/addons.xml.md5
			</checksum>
			<datadir zip="true">
				https://raw.githubusercontent.com/jurialmunkey/repository.jurialmunkey/master/omega/zips/
			</datadir>
		</dir>
		<dir minversion="19.0">
			<info compressed="false">
				https://raw.githubusercontent.com/CocoJoe2411/repository.cocoscrapers/master/zips/addons.xml
			</info>
			<checksum>
				https://raw.githubusercontent.com/CocoJoe2411/repository.cocoscrapers/master/zips/addons.xml.md5
			</checksum>
			<datadir zip="true">
				https://raw.githubusercontent.com/CocoJoe2411/repository.cocoscrapers/master/zips/
			</datadir>
		</dir>
		<!-- Crew Repo -->
		<dir minversion="16.0.0" maxversion="18.9.9">
			<info compressed="false">
				https://raw.githubusercontent.com/thecrewwh/zips/master/_zip/addons.xml
			</info>
			<checksum>
				https://raw.githubusercontent.com/thecrewwh/zips/master/_zip/addons.xml.md5
			</checksum>
			<datadir zip="true">
				https://raw.githubusercontent.com/thecrewwh/zips/master/_zip
			</datadir>
		</dir>
		<dir minversion="18.9.9">
			<info compressed="false">
				https://raw.githubusercontent.com/thecrewwh/zips/master/matrix/_zip/addons.xml
			</info>
			<checksum>
				https://raw.githubusercontent.com/thecrewwh/zips/master//matrix/_zip/addons.xml.md5
			</checksum>
			<datadir zip="true">
				https://raw.githubusercontent.com/thecrewwh/zips/master//matrix/_zip
			</datadir>
		</dir>
		<!-- Eintamil Repo -->
		<dir>
			<info compressed="false">
				https://github.com/eintamil/repository.eintamil/raw/master/zips/addons.xml
			</info>
			<checksum>
				https://github.com/eintamil/repository.eintamil/raw/master/zips/addons.xml.md5
			</checksum>
			<datadir zip="true">
				https://github.com/eintamil/repository.eintamil/raw/master/zips/
			</datadir>
		</dir>
		<!-- Gujal Repo -->
		<dir>
			<info compressed="false">
				https://raw.githubusercontent.com/Gujal00/smrzips/master/addons.xml
			</info>
			<checksum>
				https://raw.githubusercontent.com/Gujal00/smrzips/master/addons.xml.md5
			</checksum>
			<datadir zip="true">
				https://raw.githubusercontent.com/Gujal00/smrzips/master/zips/
			</datadir>
		</dir>
		<dir>
			<info compressed="false">
				https://raw.github.com/Gujal00/GujalKodiWork/master/addons.xml
			</info>
			<checksum>
				https://raw.github.com/Gujal00/GujalKodiWork/master/addons.xml.md5
			</checksum>
			<datadir zip="true">
				https://raw.github.com/Gujal00/GujalKodiWork/master/zips/
			</datadir>
		</dir>
		<dir>
			<info compressed="false">
				https://raw.githubusercontent.com/Goldenfreddy0703/repository.otaku/master/repo/zips/addons.xml
			</info>
			<checksum>
				https://raw.githubusercontent.com/Goldenfreddy0703/repository.otaku/master/repo/zips/addons.xml.md5
			</checksum>
			<datadir zip="true">
				https://raw.githubusercontent.com/Goldenfreddy0703/repository.otaku/master/repo/zips/
			</datadir>
		</dir>
		<extension point="xbmc.addon.metadata">
			<summary>
				sunnyrepo
			</summary>
			<description>
				Sunny Repo - Un-official Kodi addons repository
			</description>
			<disclaimer>
			</disclaimer>
			<platform>
				all
			</platform>
			<assets>
				<icon>
					icon.png
				</icon>
				<fanart>
					fanart.jpg
				</fanart>
			</assets>
		</extension>
	</extension>
</addon>
