<?xml version="1.0" encoding="UTF-8" standalone="yes"?>
<addon id="repository.sunnyrepo" name="Sunny Repo" version="2.0.3" provider-name="slrwin">
    <extension point="xbmc.addon.repository" name="sunnyrepo">
        <dir>
            <info compressed="false">https://raw.githubusercontent.com/slrwin/sunnyrepo/master/repo/zips/addons.xml</info>
            <checksum>https://raw.githubusercontent.com/slrwin/sunnyrepo/master/repo/zips/addons.xml.md5</checksum>
            <datadir zip="true">https://raw.githubusercontent.com/slrwin/sunnyrepo/master/repo/zips/</datadir>
        </dir>
        <dir minversion="18.9.701" maxversion="19.5">
            <info compressed="false">https://raw.githubusercontent.com/umbrellaplug/umbrellaplug.github.io/master/matrix/zips/addons.xml</info>
            <checksum>https://raw.githubusercontent.com/umbrellaplug/umbrellaplug.github.io/master/matrix/zips/addons.xml.md5</checksum>
            <datadir zip="true">https://raw.githubusercontent.com/umbrellaplug/umbrellaplug.github.io/master/matrix/zips/</datadir>
        </dir>
	    <dir minversion="19.8.0">
            <info compressed="false">https://raw.githubusercontent.com/umbrellaplug/umbrellaplug.github.io/master/nexus/zips/addons.xml</info>
            <checksum>https://raw.githubusercontent.com/umbrellaplug/umbrellaplug.github.io/master/nexus/zips/addons.xml.md5</checksum>
            <datadir zip="true">https://raw.githubusercontent.com/umbrellaplug/umbrellaplug.github.io/master/nexus/zips/</datadir>
        </dir>
    </extension>
    <extension point="xbmc.addon.metadata">
        <summary>sunnyrepo</summary>
        <description>Sunny Repo - Un-official Kodi addons repository</description>
        <disclaimer></disclaimer>
        <platform>all</platform>
        <assets>
            <icon>icon.png</icon>
            <fanart>fanart.jpg</fanart>
        </assets>
    </extension>
</addon>
