<?xml version="1.0" encoding="UTF-8" standalone="yes"?>
<addon id="plugin.program.desiwizard" name="[COLOR limegreen]Desi[/COLOR]Wizard" version="3.0.2" provider-name="slrwin">
    <requires>
        <import addon="xbmc.python" version="3.0.0" />
        <import addon="script.module.requests" />
        <import addon="script.module.six" />
    </requires>
    
    <extension point="xbmc.python.pluginsource" library="default.py">
        <provides>executable</provides>
    </extension>
    
    <extension point="xbmc.service" library="startup.py" start="startup" />
    
    <extension point="xbmc.addon.metadata">
        <summary lang="en">[COLOR limegreen]Desi[/COLOR]Wizard</summary>
        <description lang="en">[COLOR limegreen]Desi[/COLOR]Wizard offers many maintenance features, selective add-on data saving, and automated build installs.</description>
        <platform>all</platform>
        <reuselanguageinvoker>false</reuselanguageinvoker>
        <source>https://github.com/slrwin/plugin.program.desiwizard/</source>
        <news>
1.0.0
 - Initial Commit
2.0.0
 - Cleanup
        </news>
        <assets>
            <icon>icon.png</icon>
            <fanart>fanart.png</fanart>
        </assets>
    </extension>
</addon>
