<?xml version="1.0" encoding="UTF-8" standalone="yes"?>
<addon id="script.module.xbmcext" name="XBMCExt" version="1.3.0" provider-name="groggyegg">
    <requires>
        <import addon="script.module.six"/>
    </requires>
    <extension point="xbmc.python.module" library="."/>
    <extension point="xbmc.addon.metadata">
        <description lang="en_GB">XBMCExt extends utilities, dialogs, and various control widgets.</description>
        <platform>all</platform>
        <license>MIT License</license>
        <source>https://github.com/groggyegg/script.module.xbmcext</source>
        <assets>
            <icon>resources/icon.png</icon>
        </assets>
    </extension>
</addon>
