<?xml version="1.0" encoding="UTF-8" standalone="yes"?>
<addon id="plugin.video.DesiCast" name="DesiCast" version="2.0.0" provider-name="Sunny">
    <requires>
        <import addon="xbmc.python" version="3.0.0"/>
        <!-- 	    <import addon="script.module.beautifulsoup4" version="4.9.3"/>
        <import addon="script.module.inputstreamhelper" version="0.5.10" optional="true"/> -->
        <!-- <import addon="script.module.mechanize" version="0.2.6"/> -->
    </requires>
    <extension point="xbmc.python.pluginsource" library="default.py">
        <provides>video</provides>
        <assets>
            <icon>icon.png</icon>
            <fanart>fanart.png</fanart>
        </assets>
    </extension>
    <extension point="xbmc.addon.metadata">
        <language />
        <platform>all</platform>
        <license>GNU GENERAL PUBLIC LICENSE</license>
        <summary lang="en">App for Desi Content</summary>
        <description lang="en">Watch full live and recorded streaming of India TV Channels and movies and sports.</description>
        <forum></forum>
        <source></source>
        <email>slrwin@outlook.com</email>
        <assets>
            <icon>icon.png</icon>
            <fanart>fanart.png</fanart>
        </assets>
    </extension>
</addon>
