<?xml version="1.0" encoding="UTF-8" standalone="yes"?>
<addon id="repository.sunnyrepo" name="Sunny Repo" version="2.0.5" provider-name="slrwin">
	<extension point="xbmc.addon.repository" name="sunnyrepo">
		<dir>
			<info compressed="false">
				https://raw.githubusercontent.com/slrwin/sunnyrepo/master/repo/zips/addons.xml
			</info>
			<checksum>
				https://raw.githubusercontent.com/slrwin/sunnyrepo/master/repo/zips/addons.xml.md5
			</checksum>
			<datadir zip="true">
				https://raw.githubusercontent.com/slrwin/sunnyrepo/master/repo/zips/
			</datadir>
		</dir>
		<extension point="xbmc.addon.metadata">
			<summary>
				sunnyrepo
			</summary>
			<description>
				Sunny Repo - Un-official Kodi addons repository
			</description>
			<disclaimer>
			</disclaimer>
			<platform>
				all
			</platform>
			<assets>
				<icon>
					icon.png
				</icon>
				<fanart>
					fanart.jpg
				</fanart>
			</assets>
		</extension>
	</extension>
</addon>
